{
  "root_group": {
    "name": "",
    "path": "",
    "id": "d41d8cd98f00b204e9800998ecf8427e",
    "groups": {},
    "checks": {}
  },
  "metrics": {
    "createChannel_latency": {
      "p(90)": 3853,
      "p(95)": 4003,
      "avg": 2764.86,
      "min": 2203,
      "med": 2512,
      "max": 5731,
      "thresholds": {
        "p(95)<5000": false
      }
    },
    "errorRate_createChannel": {
      "passes": 0,
      "fails": 200,
      "value": 0
    },
    "sendMessage_latency": {
      "med": 208,
      "max": 3899,
      "p(90)": 2068,
      "p(95)": 2281.7999999999997,
      "avg": 574.110626363353,
      "min": 0,
      "thresholds": {
        "p(95)<4000": false
      }
    },
    "http_req_failed": {
      "passes": 67135,
      "fails": 26043,
      "thresholds": {
        "rate<0.01": true
      },
      "value": 0.7205026937689154
    },
    "http_req_sending": {
      "p(95)": 0.015,
      "avg": 0.0060934126081242474,
      "min": 0,
      "med": 0.004,
      "max": 0.724,
      "p(90)": 0.01
    },
    "data_sent": {
      "count": 17248831,
      "rate": 70774.38016028411
    },
    "errorRate_fetchMembershipsWithMetadata": {
      "fails": 1800,
      "passes": 14356,
      "value": 0.8885862837335974
    },
    "iterations": {
      "count": 14518,
      "rate": 59.569396393703705
    },
    "http_req_duration": {
      "avg": 349.94647382429207,
      "min": 0,
      "med": 226.478,
      "max": 8736.185,
      "p(90)": 486.0917,
      "p(95)": 634.2968499999997,
      "thresholds": {
        "p(95)<4000": false
      }
    },
    "http_req_connecting": {
      "max": 9.952,
      "p(90)": 0,
      "p(95)": 0,
      "avg": 0.00759597759127691,
      "min": 0,
      "med": 0
    },
    "fetchChannelMembershipsWithMetadata_latency": {
      "min": 49,
      "med": 206,
      "max": 1745,
      "p(90)": 432,
      "p(95)": 474,
      "avg": 255.2162664025749
    },
    "http_req_duration{expected_response:true}": {
      "max": 8736.185,
      "p(90)": 675.6206000000001,
      "p(95)": 1111.6600999999982,
      "avg": 549.6587706485445,
      "min": 0.617,
      "med": 445.627
    },
    "http_req_blocked": {
      "p(95)": 0.012,
      "avg": 0.010845467814272876,
      "min": 0,
      "med": 0.001,
      "max": 9.981,
      "p(90)": 0.005
    },
    "vus_max": {
      "value": 2000,
      "min": 2000,
      "max": 2000
    },
    "errorRate_sendMessage": {
      "passes": 2807,
      "fails": 402,
      "value": 0.8747273293861015
    },
    "http_req_receiving": {
      "med": 0.012,
      "max": 0.665,
      "p(90)": 0.022,
      "p(95)": 0.034,
      "avg": 0.014809869282444056,
      "min": 0
    },
    "fetchChannelMemberships_latency": {
      "med": 212,
      "max": 1005,
      "p(90)": 338.50000000000006,
      "p(95)": 454.74999999999994,
      "avg": 242.67127071823205,
      "min": 169
    },
    "http_req_tls_handshaking": {
      "max": 0,
      "p(90)": 0,
      "p(95)": 0,
      "avg": 0,
      "min": 0,
      "med": 0
    },
    "data_received": {
      "count": 40979336,
      "rate": 168143.98058512
    },
    "errorRate_fetchMessagesByTableId": {
      "passes": 49810,
      "fails": 23433,
      "value": 0.6800649891457204
    },
    "iteration_duration": {
      "avg": 220.794911349842,
      "min": 51.642667,
      "med": 203.9032915,
      "max": 1471.952542,
      "p(90)": 244.2784206,
      "p(95)": 414.9980543999999
    },
    "sendMessage_gas": {
      "value": 3881008,
      "min": 3881008,
      "max": 4911796
    },
    "http_reqs": {
      "count": 93178,
      "rate": 382.3224422904342
    },
    "errorRate_fetchMemberships": {
      "passes": 162,
      "fails": 200,
      "value": 0.44751381215469616
    },
    "fetchChannelMessagesByTableId_latency": {
      "avg": 354.33805278320114,
      "min": 1,
      "med": 378,
      "max": 3695,
      "p(90)": 488,
      "p(95)": 603,
      "thresholds": {
        "p(95)<1000": false
      }
    },
    "http_req_waiting": {
      "p(95)": 634.2771499999998,
      "avg": 349.9255705424005,
      "min": 0,
      "med": 226.464,
      "max": 8735.989,
      "p(90)": 486.0759
    },
    "createChannel_gas": {
      "value": 52431480,
      "min": 52431480,
      "max": 52431480
    },
    "vus": {
      "min": 0,
      "max": 2000,
      "value": 2000
    }
  }
}